{"READ_PAIR_OPTICAL_DUPLICATES": 0, "ESTIMATED_LIBRARY_SIZE": 0, "HISTOGRAM": {"1": 1.0, "2": 1.9991, "3": 2.997302, "4": 3.994605, "5": 4.991012, "6": 5.986522, "7": 6.981136, "8": 7.974855, "9": 8.967681, "10": 9.959613, "11": 10.950653, "12": 11.940801, "13": 12.930059, "14": 13.918427, "15": 14.905905, "16": 15.892495, "17": 16.878198, "18": 17.863013, "19": 18.846943, "20": 19.829988, "21": 20.812148, "22": 21.793424, "23": 22.773818, "24": 23.75333, "25": 24.73196, "26": 25.70971, "27": 26.686581, "28": 27.662573, "29": 28.637686, "30": 29.611923, "31": 30.585283, "32": 31.557767, "33": 32.529376, "34": 33.500111, "35": 34.469973, "36": 35.438963, "37": 36.407081, "38": 37.374327, "39": 38.340704, "40": 39.306211, "41": 40.27085, "42": 41.23462, "43": 42.197524, "44": 43.159561, "45": 44.120733, "46": 45.081041, "47": 46.040484, "48": 46.999064, "49": 47.956782, "50": 48.913638, "51": 49.869633, "52": 50.824768, "53": 51.779044, "54": 52.732462, "55": 53.685022, "56": 54.636725, "57": 55.587571, "58": 56.537562, "59": 57.486699, "60": 58.434982, "61": 59.382411, "62": 60.328988, "63": 61.274714, "64": 62.219589, "65": 63.163613, "66": 64.106789, "67": 65.049116, "68": 65.990595, "69": 66.931227, "70": 67.871013, "71": 68.809954, "72": 69.74805, "73": 70.685301, "74": 71.62171, "75": 72.557276, "76": 73.492001, "77": 74.425885, "78": 75.358928, "79": 76.291132, "80": 77.222498, "81": 78.153025, "82": 79.082716, "83": 80.01157, "84": 80.939588, "85": 81.866771, "86": 82.793121, "87": 83.718637, "88": 84.64332, "89": 85.567172, "90": 86.490192, "91": 87.412382, "92": 88.333742, "93": 89.254274, "94": 90.173977, "95": 91.092853, "96": 92.010902, "97": 92.928125, "98": 93.844523, "99": 94.760097, "100": 95.674847}, "LIBRARY": "neat_5x_EX_hg19_golden", "UNMAPPED_READS": 0, "READ_PAIRS_EXAMINED": 40010, "UNPAIRED_READS_EXAMINED": 0, "PERCENT_DUPLICATION": 0.00045, "UNPAIRED_READ_DUPLICATES": 0, "READ_PAIR_DUPLICATES": 18}